Entity,Code,Year,Other renewables including bioenergy (TWh),Electricity from solar (TWh),Electricity from wind (TWh),Electricity from hydro (TWh),Electricity from nuclear (TWh),Electricity from oil (TWh),Electricity from gas (TWh),Electricity from coal (TWh)
Afghanistan,AFG,2020,0.0,0.0399999991059303,0.0,0.6200000047683716,0.0,0.1199999973177909,0.0,0.0
Africa,,2020,8.066415786743164,16.058805465698242,21.30289649963379,146.37307739257812,13.94947338104248,66.6858901977539,337.0428161621094,239.7960205078125
Africa (BP),,2020,8.066415786743164,16.058805465698242,21.302898406982425,146.37307739257812,13.94947338104248,66.6858901977539,337.0428161621094,239.79600524902344
Albania,ALB,2020,0.0,0.0299999993294477,0.0,5.28000020980835,0.0,0.0,0.0,0.0
Algeria,DZA,2020,0.0,0.6850000023841858,0.0076999999582767,0.049600001424551,0.0,1.3600000143051147,70.66000366210938,0.0
American Samoa,ASM,2020,0.0,0.0,0.0,0.0,0.0,0.1500000059604644,0.0,0.0
Angola,AGO,2020,0.2399999946355819,0.0199999995529651,0.0,10.079999923706056,0.0,0.6499999761581421,3.400000095367432,0.0
Antigua and Barbuda,ATG,2020,0.0,0.0099999997764825,0.0,0.0,0.0,0.3100000023841858,0.0,0.0
Argentina,ARG,2020,2.264698982238769,1.344357967376709,9.410638809204102,23.6693115234375,10.662424087524414,7.060078144073486,88.001708984375,1.6415690183639526
Armenia,ARM,2020,0.0,0.0199999995529651,0.0,1.7799999713897705,2.549999952316284,0.0,2.9800000190734863,0.0
Aruba,ABW,2020,0.0,0.0099999997764825,0.1400000005960464,0.0,0.0,0.7300000190734863,0.0,0.0
Asia,,2020,285.7126159667969,467.6713562011719,578.8372802734375,1980.7615966796875,665.69677734375,395.8709106445313,2570.135986328125,7443.91064453125
Asia Pacific (BP),,2020,281.8671264648437,466.6903991699219,575.1222534179688,1862.856689453125,654.9863891601562,114.75936889648438,1480.7154541015625,7387.67041015625
Australia,AUS,2020,3.41042423248291,23.842660903930664,22.60689163208008,14.420926094055176,0.0,4.506366729736328,53.124305725097656,142.93495178222656
Austria,AUT,2020,4.601137638092041,2.042933940887451,6.791530609130859,41.99803161621094,0.0,3.400000095367432,10.579999923706056,0.5799999833106995
Azerbaijan,AZE,2020,0.1002999991178512,0.0469999983906745,0.0961000025272369,1.069499969482422,0.0,7.920000076293945,15.229999542236328,0.0
Bahamas,BHS,2020,0.0,0.0,0.0,0.0,0.0,1.9900000095367432,0.0,0.0
Bahrain,BHR,2020,0.0,0.0099999997764825,0.0,0.0,0.0,0.0299999993294477,29.81999969482422,0.0
Bangladesh,BGD,2020,0.0030297040939331,0.3900885283946991,0.0050949212163686,0.7006707191467285,0.0,13.25,51.619998931884766,9.550000190734863
Barbados,BRB,2020,0.0,0.0399999991059303,0.0,0.0,0.0,0.9300000071525574,0.0,0.0
Belarus,BLR,2020,0.2680000066757202,0.1700000017881393,0.1850000023841858,0.4000000059604645,0.3379999995231628,0.0,34.45000076293945,0.0
Belgium,BEL,2020,5.274899959564209,5.105400085449219,12.76360034942627,0.2669000029563904,34.43470001220703,3.5,25.81999969482422,0.0900000035762786
Belize,BLZ,2020,0.1599999964237213,0.0,0.0,0.0799999982118606,0.0,0.3499999940395355,0.0,0.0
Benin,BEN,2020,0.0,0.0099999997764825,0.0,0.0,0.0,0.2199999988079071,0.0,0.0
Bermuda,BMU,2020,,0.0,0.0,0.0,0.0,,,
Bhutan,BTN,2020,0.0,0.0,0.0,8.949999809265137,0.0,0.0,0.0,0.0
Bolivia,BOL,2020,0.5400000214576721,0.25,0.0599999986588954,2.940000057220459,0.0,0.0,5.840000152587891,0.0
Bosnia and Herzegovina,BIH,2020,0.0099999997764825,0.0299999993294477,0.2300000041723251,4.909999847412109,0.0,0.050000000745058,0.0199999995529651,11.710000038146973
Botswana,BWA,2020,0.0,0.0,0.0,0.0,0.0,0.3700000047683716,0.0,1.6799999475479126
Brazil,BRA,2020,58.74184799194336,10.74834156036377,57.05070495605469,396.3811950683594,14.052597999572754,10.530014991760254,53.46391296386719,20.282594680786133
British Virgin Islands,VGB,2020,0.0,0.0,0.0,0.0,0.0,0.1299999952316284,0.0,0.0
Brunei,BRN,2020,0.0,0.0,0.0,0.0,0.0,0.1199999973177909,2.0999999046325684,2.180000066757202
Bulgaria,BGR,2020,1.699341058731079,1.480855941772461,1.4771310091018677,2.869209289550781,16.625764846801758,0.4000000059604645,2.130000114440918,13.210000038146973
Burkina Faso,BFA,2020,0.0,0.050000000745058,0.0,0.1099999994039535,0.0,1.440000057220459,0.0,0.0
Burundi,BDI,2020,0.0099999997764825,0.0099999997764825,0.0,0.2199999988079071,0.0,0.1099999994039535,0.0,0.0
CIS (BP),,2020,0.916108787059784,3.3981995582580566,2.500481367111206,263.239501953125,219.00857543945312,10.960092544555664,645.7958984375,249.4962310791016
Cambodia,KHM,2020,0.2199999988079071,0.0900000035762786,0.0,3.490000009536743,0.0,0.4099999964237213,0.0,3.440000057220459
Cameroon,CMR,2020,0.0,0.0199999995529651,0.0,5.880000114440918,0.0,2.8399999141693115,0.0,0.0
Canada,CAN,2020,9.385263442993164,4.280405044555664,35.64192199707031,386.5447387695313,97.5125961303711,2.908602237701416,73.59784698486328,38.63118362426758
Cape Verde,CPV,2020,0.0,0.0099999997764825,0.0799999982118606,0.0,0.0,0.3600000143051147,0.0,0.0
Cayman Islands,CYM,2020,0.0,0.0199999995529651,0.0,0.0,0.0,0.6700000166893005,0.0,0.0
Central African Republic,CAF,2020,0.0,0.0,0.0,0.1500000059604644,0.0,0.0,0.0,0.0
Central America (BP),,2020,9.697705268859863,2.585059881210327,3.712632894515991,26.9322452545166,0.0,,,
Chad,TCD,2020,0.0,0.0,0.0099999997764825,0.0,0.0,0.270000010728836,0.0,0.0
Chile,CHL,2020,8.74182415008545,7.614843368530273,5.602302551269531,21.720932006835938,0.0,12.369999885559082,15.859999656677246,16.040000915527344
China,CHN,2020,135.625,261.1000061035156,466.5,1321.708984375,366.2000122070313,10.798999786376951,252.5,4920.826171875
Colombia,COL,2020,2.8206570148468018,0.1907999962568283,0.0101199997588992,49.83734893798828,0.0,4.630000114440918,12.529999732971191,5.420000076293945
Comoros,COM,2020,0.0,0.0,0.0,0.0,0.0,0.1299999952316284,0.0,0.0
Congo,COG,2020,0.050000000745058,0.0,0.0,1.0700000524520874,0.0,0.2800000011920929,2.1700000762939453,0.0
Cook Islands,COK,2020,0.0,0.0099999997764825,0.0,0.0,0.0,0.0299999993294477,0.0,0.0
Costa Rica,CRI,2020,1.7100000381469729,0.0599999986588954,1.4600000381469729,8.289999961853027,0.0,0.1400000005960464,0.0,0.0
Cote d'Ivoire,CIV,2020,0.0,0.0199999995529651,0.0,2.309999942779541,0.0,2.0299999713897705,5.179999828338623,0.0
Croatia,HRV,2020,1.0720000267028809,0.095499999821186,1.7207000255584717,5.662399768829346,0.0,0.0299999993294477,3.4100000858306885,1.2400000095367432
Cuba,CUB,2020,3.5999999046325684,0.25,0.0199999995529651,0.0599999986588954,0.0,12.739999771118164,1.840000033378601,0.0
Cyprus,CYP,2020,0.0606320016086101,0.2956080138683319,0.2404080033302307,0.0,0.0,4.320000171661377,0.0,0.0
Czechia,CZE,2020,5.091700077056885,2.233099937438965,0.6991000175476074,2.1422998905181885,30.04330062866211,2.9200000762939453,5.880000114440918,31.729999542236328
Democratic Republic of Congo,COD,2020,0.0,0.0099999997764825,0.0,9.1899995803833,0.0,0.0299999993294477,0.0,0.0
Denmark,DNK,2020,5.9238600730896,1.1805319786071775,16.33021354675293,0.0170639995485544,0.0,0.9800000190734864,1.3200000524520874,3.359999895095825
Djibouti,DJI,2020,0.0,0.0,0.0,0.0,0.0,0.050000000745058,0.0,0.0
Dominica,DMA,2020,0.0,0.0,0.0,0.0399999991059303,0.0,0.1199999973177909,0.0,0.0
Dominican Republic,DOM,2020,0.2199999988079071,0.2599999904632568,0.550000011920929,0.1199999973177909,0.0,3.950000047683716,7.03000020980835,4.989999771118164
Eastern Africa (BP),,2020,7.147770881652832,1.171040177345276,1.9754962921142576,72.7592544555664,0.0,,,
Ecuador,ECU,2020,0.4705800116062164,0.0377600006759166,0.0771000012755394,24.33325958251953,0.0,4.510000228881836,1.25,0.0
Egypt,EGY,2020,0.0,2.8365073204040527,6.84834098815918,14.903499603271484,0.0,22.737579345703125,151.28427124023438,0.0
El Salvador,SLV,2020,2.1600000858306885,0.5,0.0,1.9900000095367432,0.0,1.7699999809265137,0.209999993443489,0.0
Equatorial Guinea,GNQ,2020,0.0,0.0,0.0,0.1199999973177909,0.0,1.0099999904632568,0.0,0.0
Eritrea,ERI,2020,0.0,0.0299999993294477,0.0,0.0,0.0,0.4099999964237213,0.0,0.0
Estonia,EST,2020,1.7769999504089355,0.1269118040800094,0.843999981880188,0.0299999993294477,0.0,3.5899999141693115,0.0399999991059303,0.0
Eswatini,SWZ,2020,0.4399999976158142,0.0,0.0,0.1599999964237213,0.0,0.0399999991059303,0.0,0.0
Ethiopia,ETH,2020,0.0299999993294477,0.0199999995529651,0.5299999713897705,13.5600004196167,0.0,0.0099999997764825,0.0,0.0
Europe,,2020,219.3716278076172,166.73370361328125,489.2264404296875,792.6599731445312,1049.475341796875,56.71451568603516,1159.3306884765625,639.7205200195312
Europe (BP),,2020,234.35455322265625,175.65176391601562,512.7316284179688,657.916015625,833.2230834960938,48.8584213256836,765.3558959960938,569.7333984375
European Union (27),,2020,170.01918029785156,143.2808380126953,397.3034057617188,343.23846435546875,683.7521362304688,45.49991607666016,561.3604736328125,369.1111755371094
Faeroe Islands,FRO,2020,0.0,0.0,0.0599999986588954,0.1099999994039535,0.0,0.25,0.0,0.0
Falkland Islands,FLK,2020,0.0,0.0,0.0099999997764825,0.0,0.0,0.0099999997764825,0.0,0.0
Fiji,FJI,2020,0.1099999994039535,0.0199999995529651,0.0,0.5,0.0,0.3600000143051147,0.0,0.0
Finland,FIN,2020,11.497894287109377,0.2212121188640594,8.018181800842285,15.827272415161133,23.530527114868164,3.1700000762939453,3.9700000286102295,2.720000028610229
France,FRA,2020,10.668055534362791,12.925406455993652,39.74982833862305,61.17179107666016,353.8328552246094,10.4399995803833,35.970001220703125,3.4200000762939453
French Guiana,GUF,2020,0.0099999997764825,0.050000000745058,0.0,0.4399999976158142,0.0,0.4699999988079071,0.0,0.0
French Polynesia,PYF,2020,0.0,0.0399999991059303,0.0,0.1800000071525573,0.0,0.4399999976158142,0.0,0.0
G20 (Ember),,2020,609.5599975585938,773.4000244140625,1522.1400146484375,3369.030029296875,2485.300048828125,411.1300048828125,4298.39990234375,8474.7001953125
G7 (Ember),,2020,239.8999938964844,313.94000244140625,647.1699829101562,886.739990234375,1394.5799560546875,128.77999877929688,2391.469970703125,1236.8499755859375
Gabon,GAB,2020,0.0199999995529651,0.0,0.0,1.7400000095367432,0.0,1.190000057220459,0.0,0.0
Gambia,GMB,2020,0.0,0.0,0.0,0.0,0.0,0.2899999916553497,0.0,0.0
Georgia,GEO,2020,0.0,0.0,0.0900000035762786,8.25,0.0,0.0,2.819999933242798,0.0
Germany,DEU,2020,51.09199905395508,48.64099884033203,132.1020050048828,18.32200050354004,64.38240051269531,4.71114444732666,94.9969711303711,134.5867919921875
Ghana,GHA,2020,0.0299999993294477,0.0599999986588954,0.0,7.210000038146973,0.0,3.289999961853028,9.520000457763672,0.0
Gibraltar,GIB,2020,,0.0,0.0,0.0,0.0,,,
Greece,GRC,2020,0.4535540044307709,4.446854114532471,9.310104370117188,3.3022799491882324,0.0,5.860000133514404,16.09000015258789,7.289999961853027
Greenland,GRL,2020,0.0,0.0,0.0,0.5,0.0,0.0900000035762786,0.0,0.0
Grenada,GRD,2020,0.0,0.0,0.0,0.0,0.0,0.2000000029802322,0.0,0.0
Guadeloupe,GLP,2020,0.3600000143051147,0.1000000014901161,0.050000000745058,0.0299999993294477,0.0,0.0,0.0,1.0399999618530271
Guam,GUM,2020,0.0,0.0700000002980232,0.0,0.0,0.0,1.6299999952316284,0.0,0.0
Guatemala,GTM,2020,3.490000009536743,0.2199999988079071,0.3100000023841858,5.769999980926514,0.0,2.309999942779541,0.0,3.0799999237060547
Guinea,GIN,2020,0.0,0.0199999995529651,0.0,2.470000028610229,0.0,0.7099999785423279,0.0,0.0
Guinea-Bissau,GNB,2020,0.0,0.0,0.0,0.0,0.0,0.0799999982118606,0.0,0.0
Guyana,GUY,2020,0.1299999952316284,0.0199999995529651,0.0,0.0,0.0,0.949999988079071,0.0,0.0
Haiti,HTI,2020,0.0,0.0,0.0,0.1299999952316284,0.0,0.8100000023841858,0.0,0.0
High-income countries,,2020,366.5997009277344,433.697265625,895.2072143554688,1337.114501953125,1894.139892578125,235.49778747558597,3325.973388671875,1937.8636474609373
Honduras,HND,2020,1.2899999618530271,1.1200000047683716,0.8199999928474426,2.700000047683716,0.0,4.53000020980835,0.0,0.4699999988079071
Hong Kong,HKG,2020,0.0743049979209899,0.0078830001875758,0.0007999999797903,0.0,0.0,0.0,13.529999732971191,19.56999969482422
Hungary,HUN,2020,2.1710000038146973,2.4590001106262207,0.6549999713897705,0.2440000027418136,16.05500030517578,0.3100000023841858,9.029999732971191,3.759999990463257
Iceland,ISL,2020,5.960602283477783,0.0,0.0066602998413145,13.15697193145752,0.0,0.0,0.0,0.0
India,IND,2020,32.93788146972656,58.68346786499024,60.42740249633789,163.71275329589844,44.61314010620117,2.109800100326538,74.46221923828125,1125.7740478515625
Indonesia,IDN,2020,27.930500030517575,0.1709699928760528,0.4749999940395355,24.325000762939453,0.0,6.763999938964844,51.2760009765625,180.86900329589844
Iran,IRN,2020,0.0107152769342064,0.6360219717025757,1.1260000467300415,23.20499992370605,6.330295085906982,37.01906204223633,268.2344055175781,0.6575070023536682
Iraq,IRQ,2020,0.0,0.377576619386673,0.0,3.082070827484131,0.0,15.109999656677246,68.73999786376953,0.0
Ireland,IRL,2020,0.9373760223388672,0.0637800022959709,11.549420356750488,0.9334006905555724,0.0,1.690000057220459,15.670000076293944,0.6700000166893005
Israel,ISR,2020,0.2036000043153762,4.163000106811523,0.0,0.0,0.0,0.0,44.36000061035156,19.739999771118164
Italy,ITA,2020,25.654733657836918,24.551000595092773,18.608200073242188,45.72862243652344,0.0,11.439900398254396,133.68280029296875,15.07610034942627
Jamaica,JAM,2020,0.1099999994039535,0.050000000745058,0.270000010728836,0.1599999964237213,0.0,2.0299999713897705,1.399999976158142,0.0
Japan,JPN,2020,34.801448822021484,75.13509368896484,7.819281101226807,77.41411590576172,42.999507904052734,36.67034149169922,353.5589904785156,297.95867919921875
Jordan,JOR,2020,0.050000000745058,2.200000047683716,0.8799999952316284,0.0299999993294477,0.0,1.5700000524520874,14.149999618530272,0.0
Kazakhstan,KAZ,2020,0.0065267998725175,1.2374697923660278,1.0286613702774048,9.659646034240724,0.0,0.0725154504179954,27.256807327270508,69.36678314208984
Kenya,KEN,2020,5.099999904632568,0.1099999994039535,1.159999966621399,3.5199999809265137,0.0,0.9100000262260436,0.0,0.0
Kiribati,KIR,2020,0.0,0.0,0.0,0.0,0.0,0.0299999993294477,0.0,0.0
Kosovo,OWID_KOS,2020,0.0,0.0099999997764825,0.0900000035762786,0.2599999904632568,0.0,0.0099999997764825,0.0,6.329999923706055
Kuwait,KWT,2020,0.0,0.0586983785033226,0.003651977982372,0.0,0.0,0.0,66.88999938964844,0.0
Kyrgyzstan,KGZ,2020,0.0,0.0,0.0,14.800000190734863,0.0,0.0700000002980232,0.0,1.2999999523162842
Laos,LAO,2020,0.5699999928474426,0.0399999991059303,0.0,19.200000762939453,0.0,0.0,0.0,10.15999984741211
Latin America and Caribbean (Ember),,2020,84.33000183105469,38.29999923706055,104.9000015258789,734.6300048828125,34.91999816894531,132.60000610351562,412.6600036621094,73.88999938964844
Latvia,LVA,2020,0.8647980093955994,0.004846999887377,0.1780000030994415,2.6040000915527344,0.0,0.0,2.180000066757202,0.0
Lebanon,LBN,2020,0.0599999986588954,0.0900000035762786,0.0099999997764825,0.9700000286102296,0.0,7.539999961853027,10.710000038146973,0.0
Lesotho,LSO,2020,0.0,0.0,0.0,0.5,0.0,0.0,0.0,0.0
Liberia,LBR,2020,0.0,0.0,0.0,0.5299999713897705,0.0,0.3600000143051147,0.0,0.0
Libya,LBY,2020,0.0,0.0099999997764825,0.0,0.0,0.0,0.959999978542328,29.1200008392334,0.0
Lithuania,LTU,2020,0.5940999984741211,0.1288000047206878,1.551699995994568,0.3005000054836273,0.0,0.1299999952316284,1.6399999856948853,0.0
Low-income countries,,2020,1.3300000429153442,1.0199999809265137,0.5499999523162842,69.52999877929688,0.0,20.8799991607666,15.25999927520752,2.639999866485596
Lower-middle-income countries,,2020,74.5336685180664,84.38735961914062,82.06468963623047,365.8840942382813,136.69589233398438,70.13404083251953,593.4034423828125,1462.2647705078125
Luxembourg,LUX,2020,0.3719269931316376,0.1612610071897506,0.3511349856853485,0.0916019976139068,0.0,0.0799999982118606,0.1700000017881393,0.0
Macao,MAC,2020,0.0,0.0,0.0,0.0,0.0,0.0,0.5600000023841858,0.0
Madagascar,MDG,2020,0.0,0.0199999995529651,0.0,0.8100000023841858,0.0,1.0399999618530271,0.0,0.25
Malawi,MWI,2020,0.0199999995529651,0.050000000745058,0.0,1.2999999523162842,0.0,0.2199999988079071,0.0,0.0
Malaysia,MYS,2020,1.6319377422332764,1.1722217798233032,0.0,27.92327690124512,0.0,0.9394747614860536,53.6146125793457,84.22374725341797
Maldives,MDV,2020,0.0,0.0,0.0,0.0,0.0,0.5699999928474426,0.0,0.0
Mali,MLI,2020,0.1800000071525573,0.0299999993294477,0.0,0.949999988079071,0.0,2.039999961853028,0.0,0.0
Malta,MLT,2020,0.0099999997764825,0.209999993443489,0.0,0.0,0.0,0.0599999986588954,1.840000033378601,0.0
Martinique,MTQ,2020,0.1299999952316284,0.0,0.0099999997764825,0.0,0.0,1.3899999856948853,0.0,0.0
Mauritania,MRT,2020,0.0,0.1400000005960464,0.1199999973177909,0.209999993443489,0.0,1.2899999618530271,0.0,0.0
Mauritius,MUS,2020,0.3100000023841858,0.1500000059604644,0.0199999995529651,0.1000000014901161,0.0,1.4800000190734863,0.0,0.6800000071525574
Mexico,MEX,2020,7.034568309783936,9.452777862548828,19.702259063720703,26.93524169921875,11.177934646606444,32.44841003417969,200.0689392089844,18.90600204467773
Middle Africa (BP),,2020,0.0527340807020664,0.0711599439382553,0.008924382738769,32.676719665527344,,,,
Middle East (BP),,2020,0.3740862607955932,12.667597770690918,2.621025562286377,28.098539352416992,7.954086780548096,282.513916015625,890.7237548828125,19.66610717773437
Middle East (Ember),,2020,0.2800000011920929,12.220000267028809,1.7200000286102295,31.270000457763672,7.349999904632568,238.05999755859372,846.4500122070312,20.440000534057617
Moldova,MDA,2020,0.0099999997764825,0.0,0.050000000745058,0.2000000029802322,0.0,0.0,1.6699999570846558,2.490000009536743
Mongolia,MNG,2020,0.0,0.0900000035762786,0.550000011920929,0.0900000035762786,0.0,0.0,0.0,6.039999961853027
Montenegro,MNE,2020,0.0,0.0,0.3000000119209289,1.340000033378601,0.0,0.0,0.0,1.590000033378601
Montserrat,MSR,2020,0.0,0.0,0.0,0.0,0.0,0.0099999997764825,0.0,0.0
Morocco,MAR,2020,0.0,1.5198335647583008,4.591890811920166,0.8676371574401855,0.0,3.809999942779541,4.260000228881836,20.84000015258789
Mozambique,MOZ,2020,0.1299999952316284,0.0399999991059303,0.0,14.170000076293944,0.0,1.159999966621399,2.299999952316284,0.0
Myanmar,MMR,2020,0.2599999904632568,0.0199999995529651,0.0,11.0,0.0,3.869999885559082,7.380000114440918,0.7099999785423279
Namibia,NAM,2020,0.0,0.050000000745058,0.0,0.949999988079071,0.0,0.0199999995529651,0.0,0.0399999991059303
Nauru,NRU,2020,0.0,0.0,0.0,0.0,0.0,0.0399999991059303,0.0,0.0
Nepal,NPL,2020,0.0,0.0799999982118606,0.0099999997764825,3.0,0.0,0.0,0.0,0.0
Netherlands,NLD,2020,8.84752368927002,8.764744758605957,15.339130401611328,0.0464646443724632,4.087362766265869,1.4139784574508667,72.55864715576172,7.605423927307129
New Caledonia,NCL,2020,0.0,0.0,0.050000000745058,0.2199999988079071,0.0,2.7300000190734863,0.0,0.0
New Zealand,NZL,2020,9.017192840576172,0.1602319329977035,2.304796934127808,24.2681941986084,0.0,0.6700000166893005,5.710000038146973,2.180000066757202
Nicaragua,NIC,2020,1.2899999618530271,0.0199999995529651,0.7300000190734863,0.5699999928474426,0.0,2.049999952316284,0.0,0.0
Niger,NER,2020,0.0,0.0199999995529651,0.0,0.0,0.0,0.3799999952316284,0.0,0.0
Nigeria,NGA,2020,0.0199999995529651,0.0399999991059303,0.0,6.099999904632568,0.0,0.050000000745058,21.38999938964844,0.5600000023841858
Niue,NIU,2020,0.0,0.0,0.0,0.0,0.0,0.0,0.0,0.0
Non-OECD (BP),,2020,315.6814880371094,403.76361083984375,661.0591430664062,2862.690673828125,821.7247924804688,516.0254516601562,2972.03271484375,7373.68896484375
North America,,2020,91.94280242919922,147.5973663330078,398.8424377441406,698.0397338867188,940.1419677734376,54.003265380859375,2020.082763671875,901.8504638671876
North America (BP),,2020,90.7271499633789,145.77459716796875,396.69573974609375,696.260498046875,940.1419677734376,54.003265380859375,2020.082763671875,901.8504638671876
North Korea,PRK,2020,0.0,0.0199999995529651,0.0,12.199999809265137,0.0,0.0,0.0,2.289999961853028
North Macedonia,MKD,2020,0.0572980009019374,0.0235370006412267,0.1168849989771843,1.2771430015563965,0.0,0.0599999986588954,0.959999978542328,2.869999885559082
Norway,NOR,2020,0.2538826763629913,0.1404384225606918,9.91100025177002,140.70599365234375,0.0,0.8899999856948853,1.1399999856948853,0.0399999991059303
OECD (BP),,2020,388.2349853515625,442.4657287597656,935.3690795898438,1483.2999267578125,1872.25390625,145.6331787109375,3399.61767578125,2065.576904296875
OECD (Ember),,2020,389.75,445.7699890136719,931.25,1495.5,1817.9599609375,245.75,3191.18994140625,1908.3800048828125
Oceania,,2020,12.427617073059082,24.002893447875977,24.91168785095215,38.68912124633789,0.0,4.506366729736328,53.124305725097656,142.93495178222656
Oman,OMN,2020,0.0,0.2120383828878402,0.1042999997735023,0.0,0.0,0.0,34.209999084472656,0.0
Other Africa (BP),,2020,7.633900165557861,2.7260892391204834,2.864626169204712,129.85739135742188,0.0,42.52035140991211,185.758544921875,37.23473358154297
Other Asia Pacific (BP),,2020,0.5732179284095764,1.110617995262146,0.5253048539161682,71.38964080810547,0.0,39.87803649902344,234.5577850341797,147.76248168945312
Other CIS (BP),,2020,0.0278999991714954,0.0677649676799774,0.052700001746416,34.6696891784668,2.75629997253418,2.70878267288208,153.6330108642578,4.330220699310303
Other Caribbean (BP),,2020,1.215648174285889,1.8180831670761108,2.146696090698242,1.7792551517486572,,,,
Other Europe (BP),,2020,0.2595060467720032,0.3674013018608093,1.7870631217956543,29.66193580627441,0.0,17.430532455444336,180.5329742431641,145.4296875
Other Middle East (BP),,2020,0.0385958887636661,2.4391565322875977,1.387073636054993,1.811468720436096,0.0,114.70101165771484,282.7206420898437,19.00860023498535
Other Northern Africa (BP),,2020,0.0,0.2999325096607208,0.4654000103473663,0.0460000000894069,,11.390938758850098,123.2717056274414,27.205196380615234
Other South America (BP),,2020,3.136631727218628,0.791719377040863,5.5464863777160645,54.80867004394531,,13.561631202697754,65.7619400024414,35.23818588256836
Other South and Central America (BP),,2020,14.0499849319458,5.194862365722656,11.40581512451172,83.52017211914062,0.0,66.28756713867188,90.4683837890625,49.12933349609375
Other Southern Africa (BP),,2020,0.1856512427330017,0.3553781807422638,0.0,2.125815153121948,0.0,0.0635956600308418,0.0,2.001835346221924
Pakistan,PAK,2020,0.6342793107032776,1.2047964334487915,2.7321581840515137,39.98723983764648,9.549752235412598,12.56999969482422,39.06999969482422,12.789999961853027
Palestine,PSE,2020,0.0,0.0,0.0,0.0,0.0,0.4099999964237213,0.209999993443489,0.0
Panama,PAN,2020,0.050000000745058,0.3000000119209289,0.699999988079071,7.25,0.0,1.440000057220459,0.5799999833106995,0.6399999856948853
Papua New Guinea,PNG,2020,0.0799999982118606,0.0,0.0,0.800000011920929,0.0,3.359999895095825,0.0,0.0
Paraguay,PRY,2020,0.0,0.0,0.0,49.34000015258789,0.0,0.0,0.0,0.0
Peru,PER,2020,0.5103359222412109,0.8492741584777832,1.8140000104904173,30.506000518798828,0.0,3.859999895095825,15.81999969482422,0.449999988079071
Philippines,PHL,2020,12.017830848693848,1.3726040124893188,1.0264500379562378,7.192018985748291,0.0,17.299999237060547,13.539999961853027,43.75
Poland,POL,2020,7.541594982147217,1.957916021347046,15.800048828125,2.117988109588623,0.0,1.749987006187439,17.287546157836914,109.37007904052734
Portugal,PRT,2020,4.006999969482422,1.690999984741211,12.298999786376951,12.083000183105469,0.0,1.4199999570846558,17.719999313354492,2.5999999046325684
Puerto Rico,PRI,2020,0.0299999993294477,0.25,0.6000000238418579,0.050000000745058,0.0,16.670000076293945,0.0,0.0
Qatar,QAT,2020,0.1151586398482322,0.0083869146183133,0.0,0.0,0.0,0.0,44.47999954223633,0.0
Reunion,REU,2020,0.5099999904632568,0.25,0.0099999997764825,0.4900000095367431,0.0,1.7000000476837158,0.0,0.0
Romania,ROU,2020,0.5465369820594788,1.7330000400543213,6.945000171661377,15.380857467651367,11.465999603271484,0.7099999785423279,9.8100004196167,9.390000343322754
Russia,RUS,2020,0.5133820176124573,1.8621400594711304,1.1380200386047363,212.43826293945312,215.91427612304688,8.178794860839844,464.9060668945313,175.79922485351562
Rwanda,RWA,2020,0.0,0.050000000745058,0.0,0.449999988079071,0.0,0.3300000131130218,0.0,0.0
Saint Helena,SHN,2020,,0.0,0.0,0.0,0.0,,,
Saint Kitts and Nevis,KNA,2020,0.0,0.0,0.0099999997764825,0.0,0.0,0.2000000029802322,0.0,0.0
Saint Lucia,LCA,2020,0.0,0.0,0.0,0.0,0.0,0.3300000131130218,0.0,0.0
Saint Pierre and Miquelon,SPM,2020,0.0,0.0,0.0,0.0,0.0,0.050000000745058,0.0,0.0
Saint Vincent and the Grenadines,VCT,2020,0.0,0.0,0.0,0.0399999991059303,0.0,0.1099999994039535,0.0,0.0
Samoa,WSM,2020,0.0,0.0,0.0,0.0399999991059303,0.0,0.1000000014901161,0.0,0.0
Sao Tome and Principe,STP,2020,0.0,0.0,0.0,0.0099999997764825,0.0,0.0900000035762786,0.0,0.0
Saudi Arabia,SAU,2020,0.0,0.2073030322790146,0.0,0.0,0.0,130.79080200195312,207.0328369140625,0.0
Senegal,SEN,2020,0.1000000014901161,0.3000000119209289,0.0199999995529651,0.3100000023841858,0.0,2.400000095367432,1.7100000381469729,0.1199999973177909
Serbia,SRB,2020,0.1599999964237213,0.0099999997764825,0.8999999761581421,9.010000228881836,0.0,0.0,0.6700000166893005,26.770000457763672
Seychelles,SYC,2020,0.0,0.0,0.0,0.0,0.0,0.5299999713897705,0.0,0.0
Sierra Leone,SLE,2020,0.0,0.0099999997764825,0.0,0.1800000071525573,0.0,0.0199999995529651,0.0,0.0
Singapore,SGP,2020,0.6848291158676147,0.2951081097126007,0.0,0.0,0.0,1.5,47.77000045776367,0.0
Slovakia,SVK,2020,1.6729999780654907,0.6629999876022339,0.0040000001899898,4.517000198364258,15.444000244140623,3.559999942779541,3.690000057220459,1.830000042915344
Slovenia,SVN,2020,0.2773770093917846,0.3681960105895996,0.0062509998679161,4.934060096740723,6.352766036987305,0.0199999995529651,0.5899999737739563,4.389999866485596
Solomon Islands,SLB,2020,0.0,0.0,0.0,0.0,0.0,0.1000000014901161,0.0,0.0
Somalia,SOM,2020,0.0,0.0099999997764825,0.0099999997764825,0.0,0.0,0.3499999940395355,0.0,0.0
South Africa,ZAF,2020,0.4325157403945923,8.291375160217285,6.990339279174805,0.6949495077133179,13.94947338104248,1.4279569387435913,0.0,202.561279296875
South America,,2020,76.69767761230469,21.58018493652344,79.5948715209961,662.5346069335938,24.715023040771484,31.151723861694336,207.22756958007807,57.16234970092773
South Korea,KOR,2020,8.608856201171875,19.297853469848636,3.149797916412353,3.877229690551758,160.1837158203125,6.6992692947387695,159.92343139648438,209.8188934326172
South Sudan,SSD,2020,0.0,0.0,0.0,0.0,0.0,0.5299999713897705,0.0,0.0
South and Central America (BP),,2020,87.61103057861328,25.988012313842773,85.4542007446289,691.2461547851562,24.715023040771484,83.8776626586914,231.9340057373047,71.05349731445312
Spain,ESP,2020,6.1372389793396,20.66714096069336,56.44367599487305,30.50672721862793,58.29943084716797,10.70357894897461,69.73944854736328,6.149637222290039
Sri Lanka,LKA,2020,0.117821916937828,0.6520220637321472,0.4865594506263733,4.99566125869751,0.0,5.619999885559082,0.0,3.990000009536743
Sudan,SDN,2020,0.6700000166893005,0.0199999995529651,0.0,7.75,0.0,2.740000009536743,2.7799999713897705,0.0
Suriname,SUR,2020,0.0,0.0099999997764825,0.0,1.3600000143051147,0.0,0.9399999976158142,0.0,0.0
Sweden,SWE,2020,11.177000045776367,1.034999966621399,27.525999069213867,72.14099884033203,49.198001861572266,2.8499999046325684,0.2899999916553497,0.209999993443489
Switzerland,CHE,2020,1.968000054359436,2.5989999771118164,0.1449999958276748,37.46348571777344,22.989999771118164,3.539999961853028,0.0,0.0
Syria,SYR,2020,0.0099999997764825,0.0,0.0,0.75,0.0,5.71999979019165,9.229999542236328,0.1000000014901161
Taiwan,TWN,2020,1.9713053703308103,6.074673652648926,2.3088717460632324,3.019152402877808,31.440244674682617,4.419918537139893,99.88717651367188,125.9142074584961
Tajikistan,TJK,2020,0.0,0.0,0.0,17.0,0.0,0.8299999833106995,0.25,0.5400000214576721
Tanzania,TZA,2020,0.5400000214576721,0.0900000035762786,0.0,2.3499999046325684,0.0,2.3399999141693115,1.8600000143051147,0.0
Thailand,THA,2020,11.701059341430664,5.160098552703857,3.680054903030396,4.5398478507995605,0.0,0.7215610146522522,113.8591537475586,36.82316970825195
Timor,TLS,2020,0.0,0.0,0.0,0.0,0.0,0.5,0.0,0.0
Togo,TGO,2020,0.0,0.0,0.0,0.0900000035762786,0.0,0.4300000071525574,0.0,0.0
Tonga,TON,2020,0.0,0.0,0.0,0.0,0.0,0.0599999986588954,0.0,0.0
Trinidad and Tobago,TTO,2020,0.0,0.0046837967820465,0.0,0.0,0.0,1.2100000381469729,6.989999771118164,0.0
Tunisia,TUN,2020,0.0,0.25,0.5,0.0599999986588954,0.0,0.0,18.729999542236328,0.0
Turkey,TUR,2020,15.764300346374512,10.950200080871582,24.82819938659668,78.09429931640625,0.0,0.3226999938488006,70.9312973022461,105.81210327148438
Turkmenistan,TKM,2020,0.0,0.0069790678098797,0.0,0.0031626410782337,0.0,5.210000038146973,14.90999984741211,0.0
Turks and Caicos Islands,TCA,2020,0.0,0.0,0.0,0.0,0.0,0.25,0.0,0.0
Uganda,UGA,2020,0.2800000011920929,0.0700000002980232,0.0,4.03000020980835,0.0,0.2899999916553497,0.0,0.0
Ukraine,UKR,2020,0.7554000020027161,5.369200229644775,3.2643001079559326,7.563803195953369,76.20269775390625,0.2520000040531158,14.19480037689209,40.199195861816406
United Arab Emirates,ARE,2020,0.006016437895596,4.565415382385254,0.0,0.0,1.6237918138504028,0.0030499999411404,132.7358856201172,0.0
United Kingdom,GBR,2020,39.32228088378906,13.15799045562744,75.369140625,6.753900051116943,50.27830123901367,0.8345999717712402,111.431396484375,5.50439977645874
United States,USA,2020,74.30731964111328,132.04141235351562,341.3515625,282.7804870605469,831.451416015625,18.6462516784668,1746.416015625,844.3132934570312
United States Virgin Islands,VIR,2020,0.0,0.0099999997764825,0.0,0.0,0.0,0.6299999952316284,0.0,0.0
Upper-middle-income countries,,2020,240.1888885498047,316.2357788085937,601.0502319335938,2230.803466796875,660.386474609375,72.50050354003906,1324.6025390625,5636.24267578125
Uruguay,URY,2020,0.9700000286102296,0.4600000083446502,5.440000057220459,3.950000047683716,0.0,0.1899999976158142,1.8899999856948853,0.0
Uzbekistan,UZB,2020,0.0,0.0068457038141787,0.0,4.999217033386231,0.0,1.0499999523162842,41.16999816894531,8.720000267028809
Vanuatu,VUT,2020,0.0099999997764825,0.0099999997764825,0.0,0.0,0.0,0.050000000745058,0.0,0.0
Venezuela,VEN,2020,0.0110999997705221,0.0030884379521012,0.0835181921720504,61.27790832519531,0.0,0.0,31.6200008392334,0.0
Vietnam,VNM,2020,0.1262100040912628,10.859999656677246,1.0737899541854858,73.38200378417969,0.0,1.2516000270843506,33.9517707824707,114.76499938964844
Western Africa (BP),,2020,0.2477437704801559,0.8285784721374512,0.4148054122924804,22.24959373474121,,,,
Western Sahara,ESH,2020,0.0,0.0,0.0,0.0,0.0,0.0,0.0,0.0
World,OWID_WRL,2020,703.9164428710938,846.2293701171875,1596.42822265625,4345.990234375,2693.978515625,661.6586303710938,6371.650390625,9439.265625
Yemen,YEM,2020,0.0,0.5,0.0,0.0,0.0,1.7999999523162842,0.949999988079071,0.0
Zambia,ZMB,2020,0.1599999964237213,0.1500000059604644,0.0,13.670000076293944,0.0,0.7300000190734863,0.0,1.2699999809265137
Zimbabwe,ZWE,2020,0.3600000143051147,0.0099999997764825,0.0,7.260000228881836,0.0,0.0399999991059303,0.0,3.440000057220459
